USE Academico;

-- -----------------------------------------
-- Persona (per_cc, per_nombre, per_direccion, per_tel_movil, per_tel_fijo, per_correo_institucional, per_contrasena)
-- -----------------------------------------

--
INSERT INTO Persona (per_cc, per_nombre, per_direccion, per_tel_movil, per_correo_institucional) VALUES (2010000001, 'Cristian Barrera', 'Transversal 5C Este # 23 42', '300657574',  'cbarrerar@unal.edu.co');
INSERT INTO Persona (per_cc, per_nombre, per_direccion, per_tel_movil, per_correo_institucional) VALUES (2010000002, 'Estephanie Perez', 'Calle 52 # 32 44', '300765918',  'eperezmi@unal.edu.co');
INSERT INTO Persona (per_cc, per_nombre, per_direccion, per_tel_movil, per_correo_institucional) VALUES (2010000003, 'Luis Leon', 'Carrera 7 # 24 61', '300921747',  'luleonr@unal.edu.co');
--
INSERT INTO Persona (per_cc, per_nombre, per_direccion, per_tel_movil, per_correo_institucional) VALUES (1010000001, 'Marcille Cheshire', '31866 Delladonna Street', '593350684', 'mcheshire@unal.edu.co');
INSERT INTO Persona (per_cc, per_nombre, per_direccion, per_tel_movil, per_correo_institucional) VALUES (1010000002, 'Garrek McGovern', '6787 Center Circle', '192769449', 'gmcgovern@unal.edu.co');
INSERT INTO Persona (per_cc, per_nombre, per_direccion, per_tel_movil, per_correo_institucional) VALUES (1010000003, 'Ketti Cota', '82061 Grasskamp Trail', '165268442', 'kcota@unal.edu.co');
INSERT INTO Persona (per_cc, per_nombre, per_direccion, per_tel_movil, per_correo_institucional) VALUES (1010000004, 'Normie Standidge', '02 Stephen Road', '847852106', 'nstandidge@unal.edu.co');
INSERT INTO Persona (per_cc, per_nombre, per_direccion, per_tel_movil, per_correo_institucional) VALUES (1010000005, 'Roland Athridge', '4 Debs Alley', '289830469', 'rathridge@unal.edu.co');
INSERT INTO Persona (per_cc, per_nombre, per_direccion, per_tel_movil, per_correo_institucional) VALUES (1010000006, 'Dill Kimbly', '4 Ridgeview Crossing', '506631235', 'dkimply@unal.edu.co');
INSERT INTO Persona (per_cc, per_nombre, per_direccion, per_tel_movil, per_correo_institucional) VALUES (1010000007, 'Howey Hayesman', '355 Arapahoe Road', '449769918', 'hhayesman@unal.edu.co');
INSERT INTO Persona (per_cc, per_nombre, per_direccion, per_tel_movil, per_correo_institucional) VALUES (1010000008, 'Ches Chattington', '201 Rigney Park', '113638837', 'cchattington@unal.edu.co');
INSERT INTO Persona (per_cc, per_nombre, per_direccion, per_tel_movil, per_correo_institucional) VALUES (1010000009, 'Rickert Frandsen', '9567 Rowland Place', '110162818', 'rfrandsen@unal.edu.co');
INSERT INTO Persona (per_cc, per_nombre, per_direccion, per_tel_movil, per_correo_institucional) VALUES (1010000010, 'Binny Jouannin', '18 Lakewood Gardens Avenue', '061328592', 'bjouanninnull@unal.edu.co');
-- 
INSERT INTO Persona (per_cc, per_nombre, per_direccion, per_tel_movil, per_correo_institucional) VALUES (80150101, 'Jordan Coleborn', '88920 Lerdahl Court', '146116267', 'jcoleborn@unal.edu.co');
INSERT INTO Persona (per_cc, per_nombre, per_direccion, per_tel_movil, per_correo_institucional) VALUES (80150102, 'Gayla Gorriessen', '019 Parkside Pass', '501482609', 'ggorriessen@unal.edu.co');
INSERT INTO Persona (per_cc, per_nombre, per_direccion, per_tel_movil, per_correo_institucional) VALUES (80150103, 'Iseabal Gaw', '44 School Court', '813202484', 'igaw@unal.edu.co');
INSERT INTO Persona (per_cc, per_nombre, per_direccion, per_tel_movil, per_correo_institucional) VALUES (80150104, 'Devlin Letford', '0217 Parkside Court', '312562158', 'dletford@unal.edu.co');
INSERT INTO Persona (per_cc, per_nombre, per_direccion, per_tel_movil, per_correo_institucional) VALUES (80150105, 'Griselda Louthe', '90153 Cordelia Circle', '615581317', 'glouthe@unal.edu.co');
INSERT INTO Persona (per_cc, per_nombre, per_direccion, per_tel_movil, per_correo_institucional) VALUES (80150106, 'Ferdy Zack', '303 Little Fleur Court', '391764882', 'fzack@unal.edu.co');
INSERT INTO Persona (per_cc, per_nombre, per_direccion, per_tel_movil, per_correo_institucional) VALUES (80150107, 'Pat Maccrea', '722 Claremont Road', '327450822', 'pmaccrea@unal.edu.co');
INSERT INTO Persona (per_cc, per_nombre, per_direccion, per_tel_movil, per_correo_institucional) VALUES (80150108, 'Olimpia Ottosen', '54 Brickson Park Drive', '502187154', 'oottosen@unal.edu.co');
INSERT INTO Persona (per_cc, per_nombre, per_direccion, per_tel_movil, per_correo_institucional) VALUES (80150109, 'Lyda Paschek', '95065 Beilfuss Parkway', '812317097', 'lpaschek@unal.edu.co');
INSERT INTO Persona (per_cc, per_nombre, per_direccion, per_tel_movil, per_correo_institucional) VALUES (80150110, 'Hilda Sexstone', '5 Harper Trail', '741625608', 'hsextone@unal.edu.co');
INSERT INTO Persona (per_cc, per_nombre, per_direccion, per_tel_movil, per_correo_institucional) VALUES (80150111, 'Ted Carine', '20 Ohio Court', '815511642', 'tcarine@unal.edu.co');
INSERT INTO Persona (per_cc, per_nombre, per_direccion, per_tel_movil, per_correo_institucional) VALUES (80150113, 'Kynthia Sidebottom', '78 Moose Lane', '494261504', 'ksidebottomnull@unal.edu.co');
INSERT INTO Persona (per_cc, per_nombre, per_direccion, per_tel_movil, per_correo_institucional) VALUES (80150114, 'Latrena Withringten', '624 Eastlawn Trail', '905952009', 'lwithringten@unal.edu.co');
INSERT INTO Persona (per_cc, per_nombre, per_direccion, per_tel_movil, per_correo_institucional) VALUES (80150115, 'Philippe Santi', '0953 Spohn Pass', '170534924', 'psanti@unal.edu.co');

-- -----------------------------------------
-- Profesores (prof_cc, prof_oficina)
-- -----------------------------------------
INSERT INTO Profesor (prof_cc, prof_oficina) VALUES (80150101, '405-401');
INSERT INTO Profesor (prof_cc, prof_oficina) VALUES (80150102, '405-402');
INSERT INTO Profesor (prof_cc, prof_oficina) VALUES (80150103, '405-403');
INSERT INTO Profesor (prof_cc, prof_oficina) VALUES (80150104, '405-404');
INSERT INTO Profesor (prof_cc, prof_oficina) VALUES (80150105, '405-406');
INSERT INTO Profesor (prof_cc, prof_oficina) VALUES (80150106, '405-407');
INSERT INTO Profesor (prof_cc, prof_oficina) VALUES (80150107, '405-408');
INSERT INTO Profesor (prof_cc, prof_oficina) VALUES (80150108, '405-409');
INSERT INTO Profesor (prof_cc, prof_oficina) VALUES (80150109, '405-410');
INSERT INTO Profesor (prof_cc, prof_oficina) VALUES (80150110, '405-411');
INSERT INTO Profesor (prof_cc, prof_oficina) VALUES (80150111, '405-412');
INSERT INTO Profesor (prof_cc, prof_oficina) VALUES (80150113, '405-413');
INSERT INTO Profesor (prof_cc, prof_oficina) VALUES (80150114, '405-414');
INSERT INTO Profesor (prof_cc, prof_oficina) VALUES (80150115, '405-415');

-- -----------------------------------------
-- Estudiantes (estud_cc, estud_id, estud_año_ingreso, estud_tutor_prof_cc)
-- -----------------------------------------
INSERT INTO Estudiante (estud_cc, estud_año_ingreso, estud_tutor_prof_cc) VALUES (2010000001, '2022-07-01', 80150101);
INSERT INTO Estudiante (estud_cc, estud_año_ingreso, estud_tutor_prof_cc) VALUES (2010000002, '2022-07-01', 80150101);
INSERT INTO Estudiante (estud_cc, estud_año_ingreso, estud_tutor_prof_cc) VALUES (2010000003, '2022-07-01', 80150104);

-- los estudiantes de estadistica son los del documento terminado en 02, 05, 06, 07, 09
INSERT INTO Estudiante (estud_cc, estud_año_ingreso, estud_tutor_prof_cc) VALUES (1010000001, '2023-01-01', 80150102);
INSERT INTO Estudiante (estud_cc, estud_año_ingreso, estud_tutor_prof_cc) VALUES (1010000002, '2023-01-01', 80150102);
INSERT INTO Estudiante (estud_cc, estud_año_ingreso, estud_tutor_prof_cc) VALUES (1010000003, '2023-01-01', 80150102);
INSERT INTO Estudiante (estud_cc, estud_año_ingreso, estud_tutor_prof_cc) VALUES (1010000004, '2020-01-01', 80150102);
INSERT INTO Estudiante (estud_cc, estud_año_ingreso, estud_tutor_prof_cc) VALUES (1010000005, '2023-01-01', 80150102);
INSERT INTO Estudiante (estud_cc, estud_año_ingreso, estud_tutor_prof_cc) VALUES (1010000006, '2020-07-01', 80150103);
INSERT INTO Estudiante (estud_cc, estud_año_ingreso, estud_tutor_prof_cc) VALUES (1010000007, '2021-07-01', 80150103);
INSERT INTO Estudiante (estud_cc, estud_año_ingreso, estud_tutor_prof_cc) VALUES (1010000008, '2022-07-01', 80150103);
INSERT INTO Estudiante (estud_cc, estud_año_ingreso, estud_tutor_prof_cc) VALUES (1010000009, '2021-07-01', 80150103);
INSERT INTO Estudiante (estud_cc, estud_año_ingreso, estud_tutor_prof_cc) VALUES (1010000010, '2020-01-01', 80150103);

-- -----------------------------------------
-- Estudiante_posgrado (estudi_posg_cc, estudi_posg_id_estudiante, estudi_posg_prof_cc)
-- -----------------------------------------
INSERT INTO Estudiante_posgrado (estudi_posg_cc, estudi_posg_prof_cc) VALUES (2010000003, 80150104);



-- -----------------------------------------
-- Algunas entidades fuertes
-- -----------------------------------------

-- -----------------------------------------------------
-- Facultad (facu_id, facu_nombre)
-- -----------------------------------------------------

INSERT INTO Facultad VALUES(1,'Artes');
INSERT INTO Facultad VALUES(2,'CIENCIAS');
INSERT INTO Facultad VALUES(3,'Ciencias Agrarias');
INSERT INTO Facultad VALUES(4,'Ciencias Económicas');
INSERT INTO Facultad VALUES(5,'Ciencias Humanas');
INSERT INTO Facultad VALUES(6,'Derecho, Ciencias Políticas y Sociales');
INSERT INTO Facultad VALUES(7,'Enfermería');
INSERT INTO Facultad VALUES(8,'INGENIERÍA');
INSERT INTO Facultad VALUES(9,'Medicina');
INSERT INTO Facultad VALUES(10,'Medicina Veterinaria y de Zootecnia');
INSERT INTO Facultad VALUES(11,'Odontonlogía');

-- -----------------------------------------------------
-- Departamento (depa_id, depa_nombre, depa_id_facultad)
-- -----------------------------------------------------

INSERT INTO Departamento VALUES(801,'Ingeniería Civil y Agrícola',8);
INSERT INTO Departamento VALUES(802,'Ingeniería de Sistemas e Industrial',8);
INSERT INTO Departamento VALUES(803,'Ingeniería Eléctrica y Electrónica',8);
INSERT INTO Departamento VALUES(804,'Ingeniería Mecánica y Mecatrónica',8);
INSERT INTO Departamento VALUES(805,'Ingeniería Química y Ambiental',8);
INSERT INTO Departamento VALUES(806,'Instituto de Extensión e Investigación IEI',8);
INSERT INTO Departamento VALUES(201,'Matemáticas y estadística',2);
INSERT INTO Departamento VALUES(202,'Física y química',2);

-- -----------------------------------------------------
-- Programa (prog_id, prog_nombre, prog_id_departamento)
-- -----------------------------------------------------

INSERT INTO Programa VALUES(80101,'Ingeniería Civil',801);
INSERT INTO Programa VALUES(80102,'Ingeniería Agrícola',801);
INSERT INTO Programa VALUES(80201,'INGENIERÍA DE SISTEMAS Y COMPUTACIÓN',802);
INSERT INTO Programa VALUES(80202,'Ingeniería Industrial',802);
INSERT INTO Programa VALUES(80301,'Ingeniería Eléctrica',803);
INSERT INTO Programa VALUES(80302,'Ingeniería Electrónica',803);
INSERT INTO Programa VALUES(80401,'Ingeniería Mecánica ',804);
INSERT INTO Programa VALUES(80402,'Ingeniería Mecatrónica',804);
INSERT INTO Programa VALUES(80502,'Ingeniería Química',805);
INSERT INTO Programa VALUES(20101,'ESTADÍSTICA',201);

-- -----------------------------------------------------
-- Asignatura (asig_id, asig_nombre, asig_no_creditos, asig_componente, asig_descripcion, asig_id_departamento)
-- -----------------------------------------------------

INSERT INTO Asignatura VALUES (1, "Cálculo diferencial", 4   ,null, 802);
INSERT INTO Asignatura VALUES (2, "Introducción a la ingeniería de sistemas", 3  ,null, 802);
INSERT INTO Asignatura VALUES (3, "Programación de computadores", 3  ,null, 802);
INSERT INTO Asignatura VALUES (4, "Pensamiento sistémico", 3  ,null, 802);

INSERT INTO Asignatura VALUES (5, "Fundamentos de mecánica",4   ,null ,202);
INSERT INTO Asignatura VALUES (6, "Cálculo integral",4   ,null ,201);
INSERT INTO Asignatura VALUES (7, "Álgebra lineal",4   ,null ,201);
INSERT INTO Asignatura VALUES (8, "Programación orientada a objetos",3  ,null ,802);

INSERT INTO Asignatura VALUES (9, "Fundamentos de electricidad y magnetismo",4   ,null ,202);
INSERT INTO Asignatura VALUES (10, "Cálculo en varias variables",4   ,null ,201);
INSERT INTO Asignatura VALUES (11, "Matemáticas discretas I",4   ,null ,201);
INSERT INTO Asignatura VALUES (12, "Bases de datos",3  ,null ,802);
INSERT INTO Asignatura VALUES (13, "Elementos de computadores",3  ,null ,802); 


INSERT INTO Asignatura VALUES (14,"Fundamentos de matemáticas",4 ,null,201);
INSERT INTO Asignatura VALUES (15,"Cálculo diferencial en una variable",4 ,null,201);
INSERT INTO Asignatura VALUES (16,"Estadística descriptiva y exploratoria",4,null,201);
INSERT INTO Asignatura VALUES (17,"Álgebra lineal básica",4 ,null,201);
INSERT INTO Asignatura VALUES (18,"Sistemas numéricos",4 ,null,201);
INSERT INTO Asignatura VALUES (19,"Cálculo integral en una variable",4 ,null,201);
INSERT INTO Asignatura VALUES (20,"Álgebra matricial",4 ,null,201);
INSERT INTO Asignatura VALUES (21,"Probabilidad",4 ,null,201);
INSERT INTO Asignatura VALUES (22,"Cálculo vectorial",4 ,null,201);

INSERT INTO Asignatura VALUES (23, "Probabilidad y estadística fundamental",3   ,null ,802); 
INSERT INTO Asignatura VALUES (24, "Ingeníeria económica",3   ,null ,802); 
INSERT INTO Asignatura VALUES (25, "Matemáticas discretas II",4   ,null ,802); 
INSERT INTO Asignatura VALUES (26, "Estructuras de datos",3  ,null ,802); 
INSERT INTO Asignatura VALUES (27, "Arquitectura de computadores",3  ,null ,802); 


INSERT INTO Edificio VALUES(401,'Julio Garavito','Bogotá');
INSERT INTO Edificio VALUES(404,'Yu Takeuchi','Bogotá');
INSERT INTO Edificio VALUES(405,'Postgrados en Matemáticas y Física','Bogotá');

INSERT INTO Salon VALUES(101,null,'401'); 
INSERT INTO Salon VALUES(102,null,'401');
INSERT INTO Salon VALUES(103,null,'401');
INSERT INTO Salon VALUES(104,null,'401');
INSERT INTO Salon VALUES(105,null,'401');
INSERT INTO Salon VALUES(201,null,'401'); 
INSERT INTO Salon VALUES(202,null,'401');
INSERT INTO Salon VALUES(203,null,'401');
INSERT INTO Salon VALUES(204,null,'401');
INSERT INTO Salon VALUES(205,null,'401');
INSERT INTO Salon VALUES(301,null,'401'); 
INSERT INTO Salon VALUES(302,null,'401');
INSERT INTO Salon VALUES(303,null,'401');
INSERT INTO Salon VALUES(304,null,'401');
INSERT INTO Salon VALUES(305,null,'401');
INSERT INTO Salon VALUES(101,null,'404'); 
INSERT INTO Salon VALUES(102,null,'404');
INSERT INTO Salon VALUES(103,null,'404');
INSERT INTO Salon VALUES(104,null,'404');
INSERT INTO Salon VALUES(105,null,'404');
INSERT INTO Salon VALUES(201,null,'404'); 
INSERT INTO Salon VALUES(202,null,'404');
INSERT INTO Salon VALUES(203,null,'404');
INSERT INTO Salon VALUES(204,null,'404');
INSERT INTO Salon VALUES(205,null,'404');
INSERT INTO Salon VALUES(301,null,'404'); 
INSERT INTO Salon VALUES(302,null,'404');
INSERT INTO Salon VALUES(303,null,'404');
INSERT INTO Salon VALUES(304,null,'404');
INSERT INTO Salon VALUES(305,null,'404');
INSERT INTO Salon VALUES(101,null,'405'); 
INSERT INTO Salon VALUES(102,null,'405');
INSERT INTO Salon VALUES(103,null,'405');
INSERT INTO Salon VALUES(104,null,'405');
INSERT INTO Salon VALUES(105,null,'405');
INSERT INTO Salon VALUES(201,null,'405'); 
INSERT INTO Salon VALUES(202,null,'405');
INSERT INTO Salon VALUES(203,null,'405');
INSERT INTO Salon VALUES(204,null,'405');
INSERT INTO Salon VALUES(205,null,'405');
INSERT INTO Salon VALUES(301,null,'405'); 
INSERT INTO Salon VALUES(302,null,'405');
INSERT INTO Salon VALUES(303,null,'405');
INSERT INTO Salon VALUES(304,null,'405');
INSERT INTO Salon VALUES(305,null,'405');

-- ------------------------------------
-- Entidades de relación muchos a muchos
-- ------------------------------------

INSERT INTO Asignatura_has_Departamento (Asignatura_id_asignatura, Departamento_id_departamento) VALUES (1,201);
INSERT INTO Asignatura_has_Departamento (Asignatura_id_asignatura, Departamento_id_departamento) VALUES (2,201);
INSERT INTO Asignatura_has_Departamento (Asignatura_id_asignatura, Departamento_id_departamento) VALUES (3,201);
INSERT INTO Asignatura_has_Departamento (Asignatura_id_asignatura, Departamento_id_departamento) VALUES (4,201);
INSERT INTO Asignatura_has_Departamento (Asignatura_id_asignatura, Departamento_id_departamento) VALUES (5,201);
INSERT INTO Asignatura_has_Departamento (Asignatura_id_asignatura, Departamento_id_departamento) VALUES (6,201);
INSERT INTO Asignatura_has_Departamento (Asignatura_id_asignatura, Departamento_id_departamento) VALUES (7,201);
INSERT INTO Asignatura_has_Departamento (Asignatura_id_asignatura, Departamento_id_departamento) VALUES (8,201);
INSERT INTO Asignatura_has_Departamento (Asignatura_id_asignatura, Departamento_id_departamento) VALUES (9,201);
INSERT INTO Asignatura_has_Departamento (Asignatura_id_asignatura, Departamento_id_departamento) VALUES (10,201);
INSERT INTO Asignatura_has_Departamento (Asignatura_id_asignatura, Departamento_id_departamento) VALUES (11,201);
INSERT INTO Asignatura_has_Departamento (Asignatura_id_asignatura, Departamento_id_departamento) VALUES (12,201);
INSERT INTO Asignatura_has_Departamento (Asignatura_id_asignatura, Departamento_id_departamento) VALUES (13,201);
INSERT INTO Asignatura_has_Departamento (Asignatura_id_asignatura, Departamento_id_departamento) VALUES (14,802);
INSERT INTO Asignatura_has_Departamento (Asignatura_id_asignatura, Departamento_id_departamento) VALUES (15,802);
INSERT INTO Asignatura_has_Departamento (Asignatura_id_asignatura, Departamento_id_departamento) VALUES (16,802);
INSERT INTO Asignatura_has_Departamento (Asignatura_id_asignatura, Departamento_id_departamento) VALUES (17,802);
INSERT INTO Asignatura_has_Departamento (Asignatura_id_asignatura, Departamento_id_departamento) VALUES (18,802);
INSERT INTO Asignatura_has_Departamento (Asignatura_id_asignatura, Departamento_id_departamento) VALUES (19,802);
INSERT INTO Asignatura_has_Departamento (Asignatura_id_asignatura, Departamento_id_departamento) VALUES (20,802);
INSERT INTO Asignatura_has_Departamento (Asignatura_id_asignatura, Departamento_id_departamento) VALUES (21,802);
INSERT INTO Asignatura_has_Departamento (Asignatura_id_asignatura, Departamento_id_departamento) VALUES (22,802);



insert into Estudiante_has_Programa (Estudiante_Persona_CC, Programa_id_programa) values (1010000001,80201);
insert into Estudiante_has_Programa (Estudiante_Persona_CC, Programa_id_programa) values (1010000002,20101);
insert into Estudiante_has_Programa (Estudiante_Persona_CC, Programa_id_programa) values (1010000003,80201);
insert into Estudiante_has_Programa (Estudiante_Persona_CC, Programa_id_programa) values (1010000004,80201);
insert into Estudiante_has_Programa (Estudiante_Persona_CC, Programa_id_programa) values (1010000005,20101);
insert into Estudiante_has_Programa (Estudiante_Persona_CC, Programa_id_programa) values (1010000006,20101);
insert into Estudiante_has_Programa (Estudiante_Persona_CC, Programa_id_programa) values (1010000007,20101);
insert into Estudiante_has_Programa (Estudiante_Persona_CC, Programa_id_programa) values (1010000008,80201);
insert into Estudiante_has_Programa (Estudiante_Persona_CC, Programa_id_programa) values (1010000009,20101);
insert into Estudiante_has_Programa (Estudiante_Persona_CC, Programa_id_programa) values (1010000010,80201);

insert into Estudiante_has_Programa (Estudiante_Persona_CC, Programa_id_programa) values (2010000001,80201);
insert into Estudiante_has_Programa (Estudiante_Persona_CC, Programa_id_programa) values (2010000002,80202);
insert into Estudiante_has_Programa (Estudiante_Persona_CC, Programa_id_programa) values (2010000003,80202);


-- ------------------------------------
-- Entidades débiles
-- ------------------------------------
insert into Grupo (grup_no_grupo, grup_cupos, grup_asig_id, grup_prof_cc, grup_semestre) values (1, 40, 1, 80150111, '2023-1');
insert into Grupo (grup_no_grupo, grup_cupos, grup_asig_id, grup_prof_cc, grup_semestre) values (1, 34, 3, 80150113, '2023-1');
insert into Grupo (grup_no_grupo, grup_cupos, grup_asig_id, grup_prof_cc, grup_semestre) values (1, 38, 4, 80150109, '2023-1');
insert into Grupo (grup_no_grupo, grup_cupos, grup_asig_id, grup_prof_cc, grup_semestre) values (1, 39, 8, 80150108, '2023-1');
insert into Grupo (grup_no_grupo, grup_cupos, grup_asig_id, grup_prof_cc, grup_semestre) values (1, 40, 12, 80150102, '2023-1');
insert into Grupo (grup_no_grupo, grup_cupos, grup_asig_id, grup_prof_cc, grup_semestre) values (1, 36, 13, 80150102, '2023-1');
insert into Grupo (grup_no_grupo, grup_cupos, grup_asig_id, grup_prof_cc, grup_semestre) values (1, 38, 5, 80150115, '2023-1');
insert into Grupo (grup_no_grupo, grup_cupos, grup_asig_id, grup_prof_cc, grup_semestre) values (1, 35, 9, 80150107, '2023-1');
insert into Grupo (grup_no_grupo, grup_cupos, grup_asig_id, grup_prof_cc, grup_semestre) values (2, 37, 1, 80150111, '2023-1');
insert into Grupo (grup_no_grupo, grup_cupos, grup_asig_id, grup_prof_cc, grup_semestre) values (2, 34, 3, 80150114, '2023-1');
insert into Grupo (grup_no_grupo, grup_cupos, grup_asig_id, grup_prof_cc, grup_semestre) values (2, 36, 4, 80150115, '2023-1');
insert into Grupo (grup_no_grupo, grup_cupos, grup_asig_id, grup_prof_cc, grup_semestre) values (2, 38, 8, 80150111, '2023-1');
insert into Grupo (grup_no_grupo, grup_cupos, grup_asig_id, grup_prof_cc, grup_semestre) values (2, 36, 12, 80150109, '2023-1');
insert into Grupo (grup_no_grupo, grup_cupos, grup_asig_id, grup_prof_cc, grup_semestre) values (2, 32, 13, 80150115, '2023-1');
insert into Grupo (grup_no_grupo, grup_cupos, grup_asig_id, grup_prof_cc, grup_semestre) values (1, 33, 2, 80150114, '2023-1');
insert into Grupo (grup_no_grupo, grup_cupos, grup_asig_id, grup_prof_cc, grup_semestre) values (1, 32, 6, 80150109, '2023-1');
insert into Grupo (grup_no_grupo, grup_cupos, grup_asig_id, grup_prof_cc, grup_semestre) values (1, 37, 7, 80150101, '2023-1');
insert into Grupo (grup_no_grupo, grup_cupos, grup_asig_id, grup_prof_cc, grup_semestre) values (1, 34, 10, 80150105, '2023-1');
insert into Grupo (grup_no_grupo, grup_cupos, grup_asig_id, grup_prof_cc, grup_semestre) values (1, 39, 11, 80150109, '2023-1');
insert into Grupo (grup_no_grupo, grup_cupos, grup_asig_id, grup_prof_cc, grup_semestre) values (1, 37, 14, 80150110, '2023-1');
insert into Grupo (grup_no_grupo, grup_cupos, grup_asig_id, grup_prof_cc, grup_semestre) values (1, 32, 15, 80150114, '2023-1');
insert into Grupo (grup_no_grupo, grup_cupos, grup_asig_id, grup_prof_cc, grup_semestre) values (1, 34, 16, 80150107, '2023-1');
insert into Grupo (grup_no_grupo, grup_cupos, grup_asig_id, grup_prof_cc, grup_semestre) values (1, 34, 17, 80150107, '2023-1');
insert into Grupo (grup_no_grupo, grup_cupos, grup_asig_id, grup_prof_cc, grup_semestre) values (1, 39, 18, 80150110, '2023-1');
insert into Grupo (grup_no_grupo, grup_cupos, grup_asig_id, grup_prof_cc, grup_semestre) values (1, 34, 19, 80150110, '2023-1');
insert into Grupo (grup_no_grupo, grup_cupos, grup_asig_id, grup_prof_cc, grup_semestre) values (1, 40, 20, 80150106, '2023-1');
insert into Grupo (grup_no_grupo, grup_cupos, grup_asig_id, grup_prof_cc, grup_semestre) values (1, 32, 21, 80150113, '2023-1');
insert into Grupo (grup_no_grupo, grup_cupos, grup_asig_id, grup_prof_cc, grup_semestre) values (1, 39, 22, 80150110, '2023-1');
insert into Grupo (grup_no_grupo, grup_cupos, grup_asig_id, grup_prof_cc, grup_semestre) values (2, 30, 2, 80150106, '2023-1');
insert into Grupo (grup_no_grupo, grup_cupos, grup_asig_id, grup_prof_cc, grup_semestre) values (2, 34, 6, 80150105, '2023-1');
insert into Grupo (grup_no_grupo, grup_cupos, grup_asig_id, grup_prof_cc, grup_semestre) values (2, 31, 7, 80150111, '2023-1');
insert into Grupo (grup_no_grupo, grup_cupos, grup_asig_id, grup_prof_cc, grup_semestre) values (2, 39, 10, 80150111, '2023-1');
insert into Grupo (grup_no_grupo, grup_cupos, grup_asig_id, grup_prof_cc, grup_semestre) values (2, 37, 11, 80150103, '2023-1');
insert into Grupo (grup_no_grupo, grup_cupos, grup_asig_id, grup_prof_cc, grup_semestre) values (2, 38, 14, 80150105, '2023-1');
insert into Grupo (grup_no_grupo, grup_cupos, grup_asig_id, grup_prof_cc, grup_semestre) values (2, 39, 15, 80150113, '2023-1');
insert into Grupo (grup_no_grupo, grup_cupos, grup_asig_id, grup_prof_cc, grup_semestre) values (2, 32, 16, 80150115, '2023-1');
insert into Grupo (grup_no_grupo, grup_cupos, grup_asig_id, grup_prof_cc, grup_semestre) values (2, 38, 17, 80150106, '2023-1');
insert into Grupo (grup_no_grupo, grup_cupos, grup_asig_id, grup_prof_cc, grup_semestre) values (2, 34, 18, 80150101, '2023-1');
insert into Grupo (grup_no_grupo, grup_cupos, grup_asig_id, grup_prof_cc, grup_semestre) values (2, 31, 19, 80150107, '2023-1');
insert into Grupo (grup_no_grupo, grup_cupos, grup_asig_id, grup_prof_cc, grup_semestre) values (2, 36, 20, 80150109, '2023-1');
insert into Grupo (grup_no_grupo, grup_cupos, grup_asig_id, grup_prof_cc, grup_semestre) values (2, 39, 21, 80150109, '2023-1');
insert into Grupo (grup_no_grupo, grup_cupos, grup_asig_id, grup_prof_cc, grup_semestre) values (2, 34, 22, 80150113, '2023-1');
insert into Grupo (grup_no_grupo, grup_cupos, grup_asig_id, grup_prof_cc, grup_semestre) values (2, 30, 5, 80150113, '2023-1');
insert into Grupo (grup_no_grupo, grup_cupos, grup_asig_id, grup_prof_cc, grup_semestre) values (2, 30, 9, 80150113, '2023-1');


-- cada asignatura de matemáticas y sistmas tiene dos grupos, y cada grupo tiene 2 horarios. Las de física tienen cada grupo tiene 3 horarios
-- grupos 1 del departamento de ingeniería de sistemas e industrial - Edificio 401
insert into Horario (horar_dia, horar_hora_inicio, horar_hora_final, horar_grup_no_grupo, horar_grup_asig_id, horar_actividad, horar_sal_id, horar_sal_edif_id) values ('Miércoles', 13, 15, 1, 1, 'null', 104, 401);
insert into Horario (horar_dia, horar_hora_inicio, horar_hora_final, horar_grup_no_grupo, horar_grup_asig_id, horar_actividad, horar_sal_id, horar_sal_edif_id) values ('Martes', 13, 15, 1, 3, 'null', 302, 401);
insert into Horario (horar_dia, horar_hora_inicio, horar_hora_final, horar_grup_no_grupo, horar_grup_asig_id, horar_actividad, horar_sal_id, horar_sal_edif_id) values ('Martes', 8, 10, 1, 4, 'null', 102, 401);
insert into Horario (horar_dia, horar_hora_inicio, horar_hora_final, horar_grup_no_grupo, horar_grup_asig_id, horar_actividad, horar_sal_id, horar_sal_edif_id) values ('Lunes', 13, 15, 1, 8, 'null', 303, 401);
insert into Horario (horar_dia, horar_hora_inicio, horar_hora_final, horar_grup_no_grupo, horar_grup_asig_id, horar_actividad, horar_sal_id, horar_sal_edif_id) values ('Lunes', 10, 12, 1, 12, 'null', 201, 401);
insert into Horario (horar_dia, horar_hora_inicio, horar_hora_final, horar_grup_no_grupo, horar_grup_asig_id, horar_actividad, horar_sal_id, horar_sal_edif_id) values ('Lunes', 12, 14, 1, 13, 'null', 302, 401);
insert into Horario (horar_dia, horar_hora_inicio, horar_hora_final, horar_grup_no_grupo, horar_grup_asig_id, horar_actividad, horar_sal_id, horar_sal_edif_id) values ('Lunes', 11, 13, 1, 1, 'null', 204, 401);
insert into Horario (horar_dia, horar_hora_inicio, horar_hora_final, horar_grup_no_grupo, horar_grup_asig_id, horar_actividad, horar_sal_id, horar_sal_edif_id) values ('Martes', 7, 9, 1, 3, 'null', 102, 401);
insert into Horario (horar_dia, horar_hora_inicio, horar_hora_final, horar_grup_no_grupo, horar_grup_asig_id, horar_actividad, horar_sal_id, horar_sal_edif_id) values ('Lunes', 16, 18, 1, 4, 'null', 203, 401);
insert into Horario (horar_dia, horar_hora_inicio, horar_hora_final, horar_grup_no_grupo, horar_grup_asig_id, horar_actividad, horar_sal_id, horar_sal_edif_id) values ('Jueves', 9, 11, 1, 8, 'null', 201, 401);
insert into Horario (horar_dia, horar_hora_inicio, horar_hora_final, horar_grup_no_grupo, horar_grup_asig_id, horar_actividad, horar_sal_id, horar_sal_edif_id) values ('Jueves', 10, 12, 1, 12, 'null', 201, 401);
insert into Horario (horar_dia, horar_hora_inicio, horar_hora_final, horar_grup_no_grupo, horar_grup_asig_id, horar_actividad, horar_sal_id, horar_sal_edif_id) values ('Miércoles', 18, 20, 1, 13, 'null', 202, 401);
-- grupos 2 del departamento de ingeniería de sistemas e industrial
insert into Horario (horar_dia, horar_hora_inicio, horar_hora_final, horar_grup_no_grupo, horar_grup_asig_id, horar_actividad, horar_sal_id, horar_sal_edif_id) values ('Jueves', 16, 18, 2, 1, 'null', 305, 401);
insert into Horario (horar_dia, horar_hora_inicio, horar_hora_final, horar_grup_no_grupo, horar_grup_asig_id, horar_actividad, horar_sal_id, horar_sal_edif_id) values ('Jueves', 17, 19, 2, 3, 'null', 302, 401);
insert into Horario (horar_dia, horar_hora_inicio, horar_hora_final, horar_grup_no_grupo, horar_grup_asig_id, horar_actividad, horar_sal_id, horar_sal_edif_id) values ('Miércoles', 14, 16, 2, 4, 'null', 205, 401);
insert into Horario (horar_dia, horar_hora_inicio, horar_hora_final, horar_grup_no_grupo, horar_grup_asig_id, horar_actividad, horar_sal_id, horar_sal_edif_id) values ('Jueves', 15, 17, 2, 8, 'null', 304, 401);
insert into Horario (horar_dia, horar_hora_inicio, horar_hora_final, horar_grup_no_grupo, horar_grup_asig_id, horar_actividad, horar_sal_id, horar_sal_edif_id) values ('Martes', 15, 17, 2, 12, 'null', 104, 401);
insert into Horario (horar_dia, horar_hora_inicio, horar_hora_final, horar_grup_no_grupo, horar_grup_asig_id, horar_actividad, horar_sal_id, horar_sal_edif_id) values ('Martes', 12, 14, 2, 13, 'null', 204, 401);
insert into Horario (horar_dia, horar_hora_inicio, horar_hora_final, horar_grup_no_grupo, horar_grup_asig_id, horar_actividad, horar_sal_id, horar_sal_edif_id) values ('Jueves', 12, 14, 2, 1, 'null', 102, 401);
insert into Horario (horar_dia, horar_hora_inicio, horar_hora_final, horar_grup_no_grupo, horar_grup_asig_id, horar_actividad, horar_sal_id, horar_sal_edif_id) values ('Jueves', 10, 12, 2, 3, 'null', 302, 401);
insert into Horario (horar_dia, horar_hora_inicio, horar_hora_final, horar_grup_no_grupo, horar_grup_asig_id, horar_actividad, horar_sal_id, horar_sal_edif_id) values ('Lunes', 11, 13, 2, 4, 'null', 104, 401);
insert into Horario (horar_dia, horar_hora_inicio, horar_hora_final, horar_grup_no_grupo, horar_grup_asig_id, horar_actividad, horar_sal_id, horar_sal_edif_id) values ('Martes', 14, 16, 2, 8, 'null', 102, 401);
insert into Horario (horar_dia, horar_hora_inicio, horar_hora_final, horar_grup_no_grupo, horar_grup_asig_id, horar_actividad, horar_sal_id, horar_sal_edif_id) values ('Lunes', 9, 11, 2, 12, 'null', 305, 401);
insert into Horario (horar_dia, horar_hora_inicio, horar_hora_final, horar_grup_no_grupo, horar_grup_asig_id, horar_actividad, horar_sal_id, horar_sal_edif_id) values ('Lunes', 8, 10, 2, 13, 'null', 301, 401);
-- grupos 1 del departamento de matemáticas y estadística - Edificio 404 o 405
insert into Horario (horar_dia, horar_hora_inicio, horar_hora_final, horar_grup_no_grupo, horar_grup_asig_id, horar_actividad, horar_sal_id, horar_sal_edif_id) values ('Lunes', 12, 14, 1, 2, 'null', 202, 404);
insert into Horario (horar_dia, horar_hora_inicio, horar_hora_final, horar_grup_no_grupo, horar_grup_asig_id, horar_actividad, horar_sal_id, horar_sal_edif_id) values ('Miércoles', 12, 14, 1, 6, 'null', 303, 405);
insert into Horario (horar_dia, horar_hora_inicio, horar_hora_final, horar_grup_no_grupo, horar_grup_asig_id, horar_actividad, horar_sal_id, horar_sal_edif_id) values ('Martes', 17, 19, 1, 7, 'null', 303, 405);
insert into Horario (horar_dia, horar_hora_inicio, horar_hora_final, horar_grup_no_grupo, horar_grup_asig_id, horar_actividad, horar_sal_id, horar_sal_edif_id) values ('Lunes', 9, 11, 1, 10, 'null', 301, 404);
insert into Horario (horar_dia, horar_hora_inicio, horar_hora_final, horar_grup_no_grupo, horar_grup_asig_id, horar_actividad, horar_sal_id, horar_sal_edif_id) values ('Miércoles', 14, 16, 1, 11, 'null', 203, 405);
insert into Horario (horar_dia, horar_hora_inicio, horar_hora_final, horar_grup_no_grupo, horar_grup_asig_id, horar_actividad, horar_sal_id, horar_sal_edif_id) values ('Miércoles', 10, 12, 1, 14, 'null', 103, 404);
insert into Horario (horar_dia, horar_hora_inicio, horar_hora_final, horar_grup_no_grupo, horar_grup_asig_id, horar_actividad, horar_sal_id, horar_sal_edif_id) values ('Martes', 13, 15, 1, 15, 'null', 301, 405);
insert into Horario (horar_dia, horar_hora_inicio, horar_hora_final, horar_grup_no_grupo, horar_grup_asig_id, horar_actividad, horar_sal_id, horar_sal_edif_id) values ('Jueves', 11, 13, 1, 16, 'null', 101, 405);
insert into Horario (horar_dia, horar_hora_inicio, horar_hora_final, horar_grup_no_grupo, horar_grup_asig_id, horar_actividad, horar_sal_id, horar_sal_edif_id) values ('Lunes', 10, 12, 1, 17, 'null', 202, 404);
insert into Horario (horar_dia, horar_hora_inicio, horar_hora_final, horar_grup_no_grupo, horar_grup_asig_id, horar_actividad, horar_sal_id, horar_sal_edif_id) values ('Miércoles', 17, 19, 1, 18, 'null', 303, 405);
insert into Horario (horar_dia, horar_hora_inicio, horar_hora_final, horar_grup_no_grupo, horar_grup_asig_id, horar_actividad, horar_sal_id, horar_sal_edif_id) values ('Martes', 17, 19, 1, 19, 'null', 303, 405);
insert into Horario (horar_dia, horar_hora_inicio, horar_hora_final, horar_grup_no_grupo, horar_grup_asig_id, horar_actividad, horar_sal_id, horar_sal_edif_id) values ('Lunes', 11, 13, 1, 20, 'null', 102, 404);
insert into Horario (horar_dia, horar_hora_inicio, horar_hora_final, horar_grup_no_grupo, horar_grup_asig_id, horar_actividad, horar_sal_id, horar_sal_edif_id) values ('Lunes', 13, 15, 1, 21, 'null', 203, 404);
insert into Horario (horar_dia, horar_hora_inicio, horar_hora_final, horar_grup_no_grupo, horar_grup_asig_id, horar_actividad, horar_sal_id, horar_sal_edif_id) values ('Martes', 10, 12, 1, 22, 'null', 205, 404);
insert into Horario (horar_dia, horar_hora_inicio, horar_hora_final, horar_grup_no_grupo, horar_grup_asig_id, horar_actividad, horar_sal_id, horar_sal_edif_id) values ('Miércoles', 18, 20, 1, 2, 'null', 104, 404);
insert into Horario (horar_dia, horar_hora_inicio, horar_hora_final, horar_grup_no_grupo, horar_grup_asig_id, horar_actividad, horar_sal_id, horar_sal_edif_id) values ('Lunes', 14, 16, 1, 6, 'null', 101, 404);
insert into Horario (horar_dia, horar_hora_inicio, horar_hora_final, horar_grup_no_grupo, horar_grup_asig_id, horar_actividad, horar_sal_id, horar_sal_edif_id) values ('Lunes', 12, 14, 1, 7, 'null', 302, 405);
insert into Horario (horar_dia, horar_hora_inicio, horar_hora_final, horar_grup_no_grupo, horar_grup_asig_id, horar_actividad, horar_sal_id, horar_sal_edif_id) values ('Miércoles', 7, 9, 1, 10, 'null', 203, 404);
insert into Horario (horar_dia, horar_hora_inicio, horar_hora_final, horar_grup_no_grupo, horar_grup_asig_id, horar_actividad, horar_sal_id, horar_sal_edif_id) values ('Miércoles', 7, 9, 1, 11, 'null', 301, 404);
insert into Horario (horar_dia, horar_hora_inicio, horar_hora_final, horar_grup_no_grupo, horar_grup_asig_id, horar_actividad, horar_sal_id, horar_sal_edif_id) values ('Martes', 11, 13, 1, 14, 'null', 304, 404);
insert into Horario (horar_dia, horar_hora_inicio, horar_hora_final, horar_grup_no_grupo, horar_grup_asig_id, horar_actividad, horar_sal_id, horar_sal_edif_id) values ('Miércoles', 7, 9, 1, 15, 'null', 101, 404);
insert into Horario (horar_dia, horar_hora_inicio, horar_hora_final, horar_grup_no_grupo, horar_grup_asig_id, horar_actividad, horar_sal_id, horar_sal_edif_id) values ('Miércoles', 8, 10, 1, 16, 'null', 103, 405);
insert into Horario (horar_dia, horar_hora_inicio, horar_hora_final, horar_grup_no_grupo, horar_grup_asig_id, horar_actividad, horar_sal_id, horar_sal_edif_id) values ('Jueves', 11, 13, 1, 17, 'null', 204, 405);
insert into Horario (horar_dia, horar_hora_inicio, horar_hora_final, horar_grup_no_grupo, horar_grup_asig_id, horar_actividad, horar_sal_id, horar_sal_edif_id) values ('Lunes', 16, 18, 1, 18, 'null', 201, 405);
insert into Horario (horar_dia, horar_hora_inicio, horar_hora_final, horar_grup_no_grupo, horar_grup_asig_id, horar_actividad, horar_sal_id, horar_sal_edif_id) values ('Lunes', 13, 15, 1, 19, 'null', 104, 404);
insert into Horario (horar_dia, horar_hora_inicio, horar_hora_final, horar_grup_no_grupo, horar_grup_asig_id, horar_actividad, horar_sal_id, horar_sal_edif_id) values ('Miércoles', 11, 13, 1, 20, 'null', 102, 404);
insert into Horario (horar_dia, horar_hora_inicio, horar_hora_final, horar_grup_no_grupo, horar_grup_asig_id, horar_actividad, horar_sal_id, horar_sal_edif_id) values ('Jueves', 8, 10, 1, 21, 'null', 202, 405);
insert into Horario (horar_dia, horar_hora_inicio, horar_hora_final, horar_grup_no_grupo, horar_grup_asig_id, horar_actividad, horar_sal_id, horar_sal_edif_id) values ('Jueves', 12, 14, 1, 22, 'null', 304, 404);
-- grupos 1 del departamento de física - Edificio 401,404 o 405
insert into Horario (horar_dia, horar_hora_inicio, horar_hora_final, horar_grup_no_grupo, horar_grup_asig_id, horar_actividad, horar_sal_id, horar_sal_edif_id) values ('Lunes', 17, 19, 1, 5, 'null', 103, 404);
insert into Horario (horar_dia, horar_hora_inicio, horar_hora_final, horar_grup_no_grupo, horar_grup_asig_id, horar_actividad, horar_sal_id, horar_sal_edif_id) values ('Martes', 11, 13, 1, 9, 'null', 204, 404);
insert into Horario (horar_dia, horar_hora_inicio, horar_hora_final, horar_grup_no_grupo, horar_grup_asig_id, horar_actividad, horar_sal_id, horar_sal_edif_id) values ('Miércoles', 12, 14, 1, 5, 'null', 203, 405);
insert into Horario (horar_dia, horar_hora_inicio, horar_hora_final, horar_grup_no_grupo, horar_grup_asig_id, horar_actividad, horar_sal_id, horar_sal_edif_id) values ('Martes', 8, 10, 1, 9, 'null', 302, 405);
-- grupos 2 del departamento de física
insert into Horario (horar_dia, horar_hora_inicio, horar_hora_final, horar_grup_no_grupo, horar_grup_asig_id, horar_actividad, horar_sal_id, horar_sal_edif_id) values ('Miércoles', 12, 14, 2, 5, 'null', 103, 401);
insert into Horario (horar_dia, horar_hora_inicio, horar_hora_final, horar_grup_no_grupo, horar_grup_asig_id, horar_actividad, horar_sal_id, horar_sal_edif_id) values ('Lunes', 9, 11, 2, 9, 'null', 302, 401);
insert into Horario (horar_dia, horar_hora_inicio, horar_hora_final, horar_grup_no_grupo, horar_grup_asig_id, horar_actividad, horar_sal_id, horar_sal_edif_id) values ('Jueves', 8, 10, 2, 5, 'null', 101, 405);
insert into Horario (horar_dia, horar_hora_inicio, horar_hora_final, horar_grup_no_grupo, horar_grup_asig_id, horar_actividad, horar_sal_id, horar_sal_edif_id) values ('Miércoles', 7, 9, 2, 9, 'null', 103, 404);






-- ------------------------------------
-- Calificaciones
-- ------------------------------------
-- notas estudiantes de ing sistemas
insert into historia_academica (histAcad_Promedio,histAcad_PAPA, histAcad_PAPPI, histAcad_porcen_avance, histAcad_cred_adicionales, histAcad_cup_creditos, histAcad_cred_disponibles, histAcad_cred_doble_titulacion, histAcad_id_programa, histAcad_estudiante_cc, histAcad_semestre) values (3.5,3.2, 4.27, 37.2, 27, 151, 98, 0, 80201, 1010000001, '2023-1');
insert into historia_academica (histAcad_Promedio, histAcad_PAPA, histAcad_PAPPI, histAcad_porcen_avance, histAcad_cred_adicionales, histAcad_cup_creditos, histAcad_cred_disponibles, histAcad_cred_doble_titulacion, histAcad_id_programa, histAcad_estudiante_cc, histAcad_semestre) values (4.2,4.29, 4.13, 33.12, 23, 151, 92, 0, 80201, 1010000003, '2023-1');
insert into historia_academica (histAcad_Promedio, histAcad_PAPA, histAcad_PAPPI, histAcad_porcen_avance, histAcad_cred_adicionales, histAcad_cup_creditos, histAcad_cred_disponibles, histAcad_cred_doble_titulacion, histAcad_id_programa, histAcad_estudiante_cc, histAcad_semestre) values (4.2,3.85, 3.11, 26.63, 19, 151, 84, 0, 80201, 1010000004, '2023-1');
insert into historia_academica (histAcad_Promedio, histAcad_PAPA, histAcad_PAPPI, histAcad_porcen_avance, histAcad_cred_adicionales, histAcad_cup_creditos, histAcad_cred_disponibles, histAcad_cred_doble_titulacion, histAcad_id_programa, histAcad_estudiante_cc, histAcad_semestre) values (3.53,3.35, 4.98, 31.76, 19, 151, 80, 0, 80201, 1010000008, '2023-1');
insert into historia_academica (histAcad_Promedio, histAcad_PAPA, histAcad_PAPPI, histAcad_porcen_avance, histAcad_cred_adicionales, histAcad_cup_creditos, histAcad_cred_disponibles, histAcad_cred_doble_titulacion, histAcad_id_programa, histAcad_estudiante_cc, histAcad_semestre) values (2.5, 4.28, 3.09, 32.1, 30, 151, 87, 0, 80201, 1010000010, '2023-1');
-- notas estudiantes de estadística
insert into historia_academica (histAcad_Promedio,histAcad_PAPA, histAcad_PAPPI, histAcad_porcen_avance, histAcad_cred_adicionales, histAcad_cup_creditos, histAcad_cred_disponibles, histAcad_cred_doble_titulacion, histAcad_id_programa, histAcad_estudiante_cc, histAcad_semestre) values (4.3,4.24, 4.16, 27.89, 17, 151, 80, 0, 20101, 1010000002, '2023-1');
insert into historia_academica (histAcad_Promedio,histAcad_PAPA, histAcad_PAPPI, histAcad_porcen_avance, histAcad_cred_adicionales, histAcad_cup_creditos, histAcad_cred_disponibles, histAcad_cred_doble_titulacion, histAcad_id_programa, histAcad_estudiante_cc, histAcad_semestre) values (3.35,4.29, 3.64, 25.6, 15, 151, 100, 0, 20101, 1010000005, '2023-1');
insert into historia_academica (histAcad_Promedio,histAcad_PAPA, histAcad_PAPPI, histAcad_porcen_avance, histAcad_cred_adicionales, histAcad_cup_creditos, histAcad_cred_disponibles, histAcad_cred_doble_titulacion, histAcad_id_programa, histAcad_estudiante_cc, histAcad_semestre) values (3.5,3.42, 3.62, 33.8, 17, 151, 90, 0, 20101, 1010000006, '2023-1');
insert into historia_academica (histAcad_Promedio,histAcad_PAPA, histAcad_PAPPI, histAcad_porcen_avance, histAcad_cred_adicionales, histAcad_cup_creditos, histAcad_cred_disponibles, histAcad_cred_doble_titulacion, histAcad_id_programa, histAcad_estudiante_cc, histAcad_semestre) values (4.5,4.15, 3.22, 23.67, 17, 151, 99, 0, 20101, 1010000007, '2023-1');
insert into historia_academica (histAcad_Promedio,histAcad_PAPA, histAcad_PAPPI, histAcad_porcen_avance, histAcad_cred_adicionales, histAcad_cup_creditos, histAcad_cred_disponibles, histAcad_cred_doble_titulacion, histAcad_id_programa, histAcad_estudiante_cc, histAcad_semestre) values (5.2,3.05, 3.25, 39.02, 18, 151, 82, 0, 20101, 1010000009, '2023-1');

-- Inscripción
-- Del programa de sistemas
INSERT INTO Inscripcion (insc_semestre,insc_estudiante_cc,insc_id_asignatura,insc_id_programa,insc_no_grupo,insc_id_histAcad) 
VALUES ('2023-1',1010000001,7,80201,1,1);
INSERT INTO Inscripcion (insc_semestre,insc_estudiante_cc,insc_id_asignatura,insc_id_programa,insc_no_grupo,insc_id_histAcad) 
VALUES ('2023-1',1010000001,8,80201,2,1);
INSERT INTO Inscripcion (insc_semestre,insc_estudiante_cc,insc_id_asignatura,insc_id_programa,insc_no_grupo,insc_id_histAcad) 
VALUES ('2023-1',1010000001,9,80201,2,1);
INSERT INTO Inscripcion (insc_semestre, insc_estudiante_cc, insc_id_asignatura, insc_id_programa, insc_no_grupo, insc_id_histAcad) 
VALUES ('2023-1', 1010000003, 4, 80201, 2, 2);
INSERT INTO Inscripcion (insc_semestre, insc_estudiante_cc, insc_id_asignatura, insc_id_programa, insc_no_grupo, insc_id_histAcad) 
VALUES ('2023-1', 1010000003, 5, 80201, 2, 2);
INSERT INTO Inscripcion (insc_semestre, insc_estudiante_cc, insc_id_asignatura, insc_id_programa, insc_no_grupo, insc_id_histAcad) 
VALUES ('2023-1', 1010000003, 7, 80201, 1, 2);
INSERT INTO Inscripcion (insc_semestre, insc_estudiante_cc, insc_id_asignatura, insc_id_programa, insc_no_grupo, insc_id_histAcad) 
VALUES ('2023-1', 1010000004, 6, 80201, 1, 3);
INSERT INTO Inscripcion (insc_semestre, insc_estudiante_cc, insc_id_asignatura, insc_id_programa, insc_no_grupo, insc_id_histAcad) 
VALUES ('2023-1', 1010000004, 7, 80201, 1, 3);
INSERT INTO Inscripcion (insc_semestre, insc_estudiante_cc, insc_id_asignatura, insc_id_programa, insc_no_grupo, insc_id_histAcad) 
VALUES ('2023-1', 1010000004, 8, 80201, 2, 3);
INSERT INTO Inscripcion (insc_semestre, insc_estudiante_cc, insc_id_asignatura, insc_id_programa, insc_no_grupo, insc_id_histAcad) 
VALUES ('2023-1', 1010000004, 9, 80201, 1, 3);
INSERT INTO Inscripcion (insc_semestre, insc_estudiante_cc, insc_id_asignatura, insc_id_programa, insc_no_grupo, insc_id_histAcad) 
VALUES ('2023-1', 1010000008, 9, 80201, 2, 4);
INSERT INTO Inscripcion (insc_semestre, insc_estudiante_cc, insc_id_asignatura, insc_id_programa, insc_no_grupo, insc_id_histAcad) 
VALUES ('2023-1', 1010000008, 10, 80201, 1, 4);
INSERT INTO Inscripcion (insc_semestre, insc_estudiante_cc, insc_id_asignatura, insc_id_programa, insc_no_grupo, insc_id_histAcad) 
VALUES ('2023-1', 1010000008, 11, 80201, 1, 4);
INSERT INTO Inscripcion (insc_semestre, insc_estudiante_cc, insc_id_asignatura, insc_id_programa, insc_no_grupo, insc_id_histAcad) 
VALUES ('2023-1', 1010000010, 7, 80201, 1, 5);
INSERT INTO Inscripcion (insc_semestre, insc_estudiante_cc, insc_id_asignatura, insc_id_programa, insc_no_grupo, insc_id_histAcad) 
VALUES ('2023-1', 1010000010, 8, 80201, 2, 5);
INSERT INTO Inscripcion (insc_semestre, insc_estudiante_cc, insc_id_asignatura, insc_id_programa, insc_no_grupo, insc_id_histAcad) 
VALUES ('2023-1', 1010000010, 9, 80201, 2, 5);
INSERT INTO Inscripcion (insc_semestre, insc_estudiante_cc, insc_id_asignatura, insc_id_programa, insc_no_grupo, insc_id_histAcad) 
VALUES ('2023-1', 1010000010, 10, 80201, 1, 5);
-- Del programa de estadísica
INSERT INTO Inscripcion (insc_semestre, insc_estudiante_cc, insc_id_asignatura, insc_id_programa, insc_no_grupo, insc_id_histAcad) 
VALUES ('2023-1', 1010000002, 14, 20101, 1,6);
INSERT INTO Inscripcion (insc_semestre, insc_estudiante_cc, insc_id_asignatura, insc_id_programa, insc_no_grupo, insc_id_histAcad) 
VALUES ('2023-1', 1010000002, 15, 20101, 1, 6);
INSERT INTO Inscripcion (insc_semestre, insc_estudiante_cc, insc_id_asignatura, insc_id_programa, insc_no_grupo, insc_id_histAcad) 
VALUES ('2023-1', 1010000002, 16, 20101, 1, 6);
INSERT INTO Inscripcion (insc_semestre, insc_estudiante_cc, insc_id_asignatura, insc_id_programa, insc_no_grupo, insc_id_histAcad) 
VALUES ('2023-1', 1010000005, 14, 20101, 1, 7);
INSERT INTO Inscripcion (insc_semestre, insc_estudiante_cc, insc_id_asignatura, insc_id_programa, insc_no_grupo, insc_id_histAcad) 
VALUES ('2023-1', 1010000005, 15, 20101, 1, 7);
INSERT INTO Inscripcion (insc_semestre, insc_estudiante_cc, insc_id_asignatura, insc_id_programa, insc_no_grupo, insc_id_histAcad) 
VALUES ('2023-1', 1010000005, 16, 20101, 1, 7);
INSERT INTO Inscripcion (insc_semestre, insc_estudiante_cc, insc_id_asignatura, insc_id_programa, insc_no_grupo, insc_id_histAcad) 
VALUES ('2023-1', 1010000006, 14, 20101, 1, 8);
INSERT INTO Inscripcion (insc_semestre, insc_estudiante_cc, insc_id_asignatura, insc_id_programa, insc_no_grupo, insc_id_histAcad) 
VALUES ('2023-1', 1010000006, 16, 20101, 1, 8);
INSERT INTO Inscripcion (insc_semestre, insc_estudiante_cc, insc_id_asignatura, insc_id_programa, insc_no_grupo, insc_id_histAcad) 
VALUES ('2023-1', 1010000006, 17, 20101, 1, 8);
INSERT INTO Inscripcion (insc_semestre, insc_estudiante_cc, insc_id_asignatura, insc_id_programa, insc_no_grupo, insc_id_histAcad) 
VALUES ('2023-1', 1010000007, 18, 20101, 1, 9);
INSERT INTO Inscripcion (insc_semestre, insc_estudiante_cc, insc_id_asignatura, insc_id_programa, insc_no_grupo, insc_id_histAcad) 
VALUES ('2023-1', 1010000007, 19, 20101, 1, 9);
INSERT INTO Inscripcion (insc_semestre, insc_estudiante_cc, insc_id_asignatura, insc_id_programa, insc_no_grupo, insc_id_histAcad) 
VALUES ('2023-1', 1010000007, 21, 20101, 1, 9);
INSERT INTO Inscripcion (insc_semestre, insc_estudiante_cc, insc_id_asignatura, insc_id_programa, insc_no_grupo, insc_id_histAcad) 
VALUES ('2023-1', 1010000009, 20, 20101, 1, 10);
INSERT INTO Inscripcion (insc_semestre, insc_estudiante_cc, insc_id_asignatura, insc_id_programa, insc_no_grupo, insc_id_histAcad) 
VALUES ('2023-1', 1010000009, 21, 20101, 1, 10);
INSERT INTO Inscripcion (insc_semestre, insc_estudiante_cc, insc_id_asignatura, insc_id_programa, insc_no_grupo, insc_id_histAcad) 
VALUES ('2023-1', 1010000009, 22, 20101, 1, 10);




-- EVALUACION ----------------------------------------------------------------------------------------------
insert into evaluacion (eval_nombre, eval_nota, eval_porcentaje, eval_calificacion_minima, eval_insc_semestre, eval_insc_estudiante_cc, eval_insc_id_programa, eval_insc_id_asignatura) values ('Nota1',3.12, 100, 3, '2023-1', 1010000001, 80201, 7);
insert into evaluacion (eval_nombre, eval_nota, eval_porcentaje, eval_calificacion_minima, eval_insc_semestre, eval_insc_estudiante_cc, eval_insc_id_programa, eval_insc_id_asignatura) values ('Nota1',3.34, 100, 3, '2023-1', 1010000001, 80201, 8);
insert into evaluacion (eval_nombre, eval_nota, eval_porcentaje, eval_calificacion_minima, eval_insc_semestre, eval_insc_estudiante_cc, eval_insc_id_programa, eval_insc_id_asignatura) values ('Nota1',3.78, 100, 3, '2023-1', 1010000001, 80201, 9);

INSERT INTO evaluacion (eval_nombre, eval_nota, eval_porcentaje, eval_calificacion_minima, eval_insc_semestre, eval_insc_estudiante_cc, eval_insc_id_programa, eval_insc_id_asignatura) VALUES ('Nota1', 4.12, 100, 3, '2023-1', 1010000003, 80201, 4);

insert into evaluacion (eval_nombre, eval_nota, eval_porcentaje, eval_calificacion_minima, eval_insc_semestre, eval_insc_estudiante_cc, eval_insc_id_programa, eval_insc_id_asignatura)  values ('Nota1',3.1, 100, 3, '2023-1', 1010000003, 80201, 5);
insert into evaluacion (eval_nombre, eval_nota, eval_porcentaje, eval_calificacion_minima, eval_insc_semestre, eval_insc_estudiante_cc, eval_insc_id_programa, eval_insc_id_asignatura)  values ('Nota1',3.86, 100, 3, '2023-1', 1010000003, 80201, 7);

insert into evaluacion (eval_nombre, eval_nota, eval_porcentaje, eval_calificacion_minima, eval_insc_semestre, eval_insc_estudiante_cc, eval_insc_id_programa, eval_insc_id_asignatura)  values ('Nota1',4.23, 100, 3, '2023-1', 1010000004, 80201, 6);
insert into evaluacion (eval_nombre, eval_nota, eval_porcentaje, eval_calificacion_minima, eval_insc_semestre, eval_insc_estudiante_cc, eval_insc_id_programa, eval_insc_id_asignatura)  values ('Nota1',4.07, 100, 3, '2023-1', 1010000004, 80201, 7);
insert into evaluacion (eval_nombre, eval_nota, eval_porcentaje, eval_calificacion_minima, eval_insc_semestre, eval_insc_estudiante_cc, eval_insc_id_programa, eval_insc_id_asignatura)  values ('Nota1',4.5, 100, 3, '2023-1', 1010000004, 80201, 8);
insert into evaluacion (eval_nombre, eval_nota, eval_porcentaje, eval_calificacion_minima, eval_insc_semestre, eval_insc_estudiante_cc, eval_insc_id_programa, eval_insc_id_asignatura)  values ('Nota1',3.44, 100, 3, '2023-1', 1010000004, 80201, 9);

insert into evaluacion (eval_nombre, eval_nota, eval_porcentaje, eval_calificacion_minima, eval_insc_semestre, eval_insc_estudiante_cc, eval_insc_id_programa, eval_insc_id_asignatura)  values ('Nota1',4.05, 100, 3, '2023-1', 1010000008, 80201, 9);
insert into evaluacion (eval_nombre, eval_nota, eval_porcentaje, eval_calificacion_minima, eval_insc_semestre, eval_insc_estudiante_cc, eval_insc_id_programa, eval_insc_id_asignatura)  values ('Nota1',3.08, 100, 3, '2023-1', 1010000008, 80201, 10);
insert into evaluacion (eval_nombre, eval_nota, eval_porcentaje, eval_calificacion_minima, eval_insc_semestre, eval_insc_estudiante_cc, eval_insc_id_programa, eval_insc_id_asignatura)  values ('Nota1',3.23, 100, 3, '2023-1', 1010000008, 80201, 11);

insert into evaluacion (eval_nombre, eval_nota, eval_porcentaje, eval_calificacion_minima, eval_insc_semestre, eval_insc_estudiante_cc, eval_insc_id_programa, eval_insc_id_asignatura)  values ('Nota1',4.0, 100, 3, '2023-1', 1010000010, 80201, 7);
insert into evaluacion (eval_nombre, eval_nota, eval_porcentaje, eval_calificacion_minima, eval_insc_semestre, eval_insc_estudiante_cc, eval_insc_id_programa, eval_insc_id_asignatura)  values ('Nota1',4.04, 100, 3, '2023-1', 1010000010, 80201, 8);
insert into evaluacion (eval_nombre, eval_nota, eval_porcentaje, eval_calificacion_minima, eval_insc_semestre, eval_insc_estudiante_cc, eval_insc_id_programa, eval_insc_id_asignatura)  values ('Nota1',4.34, 100, 3, '2023-1', 1010000010, 80201, 9);
insert into evaluacion (eval_nombre, eval_nota, eval_porcentaje, eval_calificacion_minima, eval_insc_semestre, eval_insc_estudiante_cc, eval_insc_id_programa, eval_insc_id_asignatura)  values ('Nota1',3.02, 100, 3, '2023-1', 1010000010, 80201, 10);


insert into evaluacion (eval_nombre, eval_nota, eval_porcentaje, eval_calificacion_minima, eval_insc_semestre, eval_insc_estudiante_cc, eval_insc_id_programa, eval_insc_id_asignatura)  values ('Nota1',4.87, 100, 3, '2023-1', 1010000002, 20101, 14);
insert into evaluacion (eval_nombre, eval_nota, eval_porcentaje, eval_calificacion_minima, eval_insc_semestre, eval_insc_estudiante_cc, eval_insc_id_programa, eval_insc_id_asignatura)  values ('Nota1',3.33, 100, 3, '2023-1', 1010000002, 20101, 15);
insert into evaluacion (eval_nombre, eval_nota, eval_porcentaje, eval_calificacion_minima, eval_insc_semestre, eval_insc_estudiante_cc, eval_insc_id_programa, eval_insc_id_asignatura) values ('Nota1',3.01, 100, 3, '2023-1', 1010000002, 20101, 16);

insert into evaluacion (eval_nombre, eval_nota, eval_porcentaje, eval_calificacion_minima, eval_insc_semestre, eval_insc_estudiante_cc, eval_insc_id_programa, eval_insc_id_asignatura)  values ('Nota1',4.44, 100, 3, '2023-1', 1010000005, 20101, 14);
insert into evaluacion (eval_nombre, eval_nota, eval_porcentaje, eval_calificacion_minima, eval_insc_semestre, eval_insc_estudiante_cc, eval_insc_id_programa, eval_insc_id_asignatura) values ('Nota1',3.43, 100, 3, '2023-1', 1010000005, 20101, 15);
insert into evaluacion (eval_nombre, eval_nota, eval_porcentaje, eval_calificacion_minima, eval_insc_semestre, eval_insc_estudiante_cc, eval_insc_id_programa, eval_insc_id_asignatura)  values ('Nota1',4.04, 100, 3, '2023-1', 1010000005, 20101, 16);

insert into evaluacion (eval_nombre, eval_nota, eval_porcentaje, eval_calificacion_minima, eval_insc_semestre, eval_insc_estudiante_cc, eval_insc_id_programa, eval_insc_id_asignatura)  values ('Nota1',4.07, 100, 3, '2023-1', 1010000006, 20101, 14);
insert into evaluacion (eval_nombre, eval_nota, eval_porcentaje, eval_calificacion_minima, eval_insc_semestre, eval_insc_estudiante_cc, eval_insc_id_programa, eval_insc_id_asignatura)  values ('Nota1',4.07, 100, 3, '2023-1', 1010000006, 20101, 16);
insert into evaluacion (eval_nombre, eval_nota, eval_porcentaje, eval_calificacion_minima, eval_insc_semestre, eval_insc_estudiante_cc, eval_insc_id_programa, eval_insc_id_asignatura)  values ('Nota1',3.05, 100, 3, '2023-1', 1010000006, 20101, 17);

insert into evaluacion (eval_nombre, eval_nota, eval_porcentaje, eval_calificacion_minima, eval_insc_semestre, eval_insc_estudiante_cc, eval_insc_id_programa, eval_insc_id_asignatura)  values ('Nota1',3.25, 100, 3, '2023-1', 1010000007, 20101, 18);
insert into evaluacion (eval_nombre, eval_nota, eval_porcentaje, eval_calificacion_minima, eval_insc_semestre, eval_insc_estudiante_cc, eval_insc_id_programa, eval_insc_id_asignatura)  values ('Nota1',4.41, 100, 3, '2023-1', 1010000007, 20101, 19);
insert into evaluacion (eval_nombre, eval_nota, eval_porcentaje, eval_calificacion_minima, eval_insc_semestre, eval_insc_estudiante_cc, eval_insc_id_programa, eval_insc_id_asignatura)  values ('Nota1',3.14, 100, 3, '2023-1', 1010000007, 20101, 21);

insert into evaluacion (eval_nombre, eval_nota, eval_porcentaje, eval_calificacion_minima, eval_insc_semestre, eval_insc_estudiante_cc, eval_insc_id_programa, eval_insc_id_asignatura)  values ('Nota1',3.68, 100, 3, '2023-1', 1010000009, 20101, 20);
insert into evaluacion (eval_nombre, eval_nota, eval_porcentaje, eval_calificacion_minima, eval_insc_semestre, eval_insc_estudiante_cc, eval_insc_id_programa, eval_insc_id_asignatura)  values ('Nota1',4.81, 100, 3, '2023-1', 1010000009, 20101, 21);
insert into evaluacion (eval_nombre, eval_nota, eval_porcentaje, eval_calificacion_minima, eval_insc_semestre, eval_insc_estudiante_cc, eval_insc_id_programa, eval_insc_id_asignatura) values ('Nota1',4.65, 100, 3, '2023-1', 1010000009, 20101, 22);



