<?xml version="1.0" encoding="UTF-8"?>
<project-private xmlns="http://www.netbeans.org/ns/project-private/1">
    <editor-bookmarks xmlns="http://www.netbeans.org/ns/editor-bookmarks/2" lastBookmarkId="0"/>
    <open-files xmlns="http://www.netbeans.org/ns/projectui-open-files/2">
        <group>
            <file>file:/C:/Users/krist/Desktop/Cristian/Ingenieria/Data_Bases/Project_Part_III/Interfaz%20Proyecto%20Bases/src/InterfazGrafica/Estudiante/PantallaPrincipalEstudGUI.java</file>
            <file>file:/C:/Users/krist/Desktop/Cristian/Ingenieria/Data_Bases/Project_Part_III/Interfaz%20Proyecto%20Bases/src/InterfazGrafica/Estudiante/HistoriaAcademicaEstudGUI.java</file>
            <file>file:/C:/Users/krist/Desktop/Cristian/Ingenieria/Data_Bases/Project_Part_III/Interfaz%20Proyecto%20Bases/src/InterfazGrafica/Estudiante/InscripcionFrame.java</file>
            <file>file:/C:/Users/krist/Desktop/Cristian/Ingenieria/Data_Bases/Project_Part_III/Interfaz%20Proyecto%20Bases/src/InterfazGrafica/Estudiante/InformacionAcademica.java</file>
            <file>file:/C:/Users/krist/Desktop/Cristian/Ingenieria/Data_Bases/Project_Part_III/Interfaz%20Proyecto%20Bases/src/InterfazGrafica/Estudiante/InscripcionPlanEstudiosAsig.java</file>
            <file>file:/C:/Users/krist/Desktop/Cristian/Ingenieria/Data_Bases/Project_Part_III/Interfaz%20Proyecto%20Bases/src/InterfazGrafica/Estudiante/InscripcionBienvenidaSinAcceso.java</file>
            <file>file:/C:/Users/krist/Desktop/Cristian/Ingenieria/Data_Bases/Project_Part_III/Interfaz%20Proyecto%20Bases/src/InterfazGrafica/Estudiante/InscripcionBienvenida.java</file>
        </group>
    </open-files>
</project-private>
